Recipe,Ingredients,Procedure
Marinated Beef Pot Roast,"3 pounds roast, trimmed. 2 tablespoons oil Flour and water paste, optional 1 cup tomato juice 3 tablespoons mustard, prepared 4 tablespoons worcestershire sauce 1 teaspoon basil 1 teaspoon oregano 1 teaspoon onion powder 1 teaspoon garlic salt 1/4 teaspoon fresh ground black pepper ",Combine marinade ingredients and pour over roast in a shallow bowl. Cover and refrigerate overnight or for 24 hrs. Remove meat from marinade and pat dry with paper towels. Heat oil in large skillet and brown meat on all sides. Place in cooker. Cover and cook on LOW 8-10 hrs. serve with accumulated gravy. (This may be thickened in a saucepan with flour and water paste if you wish.) 
Ham And Scalloped Potatoes,"8 slices Of ham 10 medium Potatoes, thinly sliced 1 cup Grated Cheddar 2 Onions, thinly sliced 1 can Cream of mushroom soup Paprika Salt and pepper to taste Ham And Scalloped Potatoes ","Toss sliced potatoes in 1/2 teaspoon cream of tartar and 1 cup water. Drain. Put half of ham, potatoes, and onions in crockpot. Sprinkle with salt and pepper, then grated cheese. Repeat with remaining half. Spoon undiluted soup over top. Sprinkle with paprika. Cover and cook on low 8 to 10 hours. (High: 4 hours). "
Crockpot Corn,1 large Bag frozen corn 8 ounces Pkg. cream cheese 1 Stick margarine Salt and pepper to taste Crockpot Corn ,"Melt cream cheese and margarine in microwave. Spray crockpot with vegetable spray. Put melted cream cheese and margarine in crockpot. Add corn, salt and pepper. Cook in crockpot for two hours on low. "
Coca-Cola Pot Roast,"3 pounds Beef 2 tablespoons Oil 1 can Tomatoes 1 cup Coca—Cola 1 each Onions, chopped 1 package Spaghetti sauce mix 1-1/2 teaspoons Salt 1/2 teaspoon Garlic salt Coca-Cola Pot Roast ","Brown meat in oil for ten minutes on each side; remove to crockpot. Drain fat. Break up tomatoes in their juice; add remaining ingredients, stirring until spaghetti sauce mix is dissolved. Pour over meat. Cover; simmer until meat is tender. Thicken gravy; serve over sliced meat. "
Antipasto,"1/2 Pound sliced Genoa salami 1 slicing tomato 1 large white onion 2 roasted red bell peppers 1 Pound sliced provolone 2 cans black pitted olives 1 can baby corn on the cob 1 small jar of Pepperoncini peppers 2 stalks of celery 1 can of rolled anchovies extra virgin olive oil Use a long platter, and arrange in the following order: Antipasto ","Salami, provolone, tomato, onion, red peppers, and achovies. Put the baby corns and olives in the center of tray. Take and cut in half celery sticks. Then slice each again length wise. Arrange celery sticks in between each antipasti. Sprinkle some salt lightly on everything. Then drizzle olive oil on everything. Let the antipasti sit covered in the refrigerator till ready to serve. Sitting helps enhance the flavors. "
Sweet & Sour Chicken,"1 each Carrot, cut in pieces 1 each Green pepper, cut in pieces 1 each Onion, quartered 2 tablespoons Tapioca, quick—cooking 4 each chicken breast, cut 8 ounces pineapple chunks in juice, canned un 1/3 cup Dark brown sugar, firmly pa 1/3 cup Red wine vinegar 1 tablespoon Soy sauce 1 teaspoon Chicken bouillon, instant g 1/2 teaspoon Garlic powder 2 tablespoons ginger root, minced 1 teaspoon cilantro, dried Fresh cilantro Rice, hot cooked ",Put vegetables.in bottom of crockpot. Sprinkle tapioca over vegetables. Place chicken on top of vegetables. Combine all other ingredients except rice in a small bowl. Pour over chicken. Cover crockpot and turn to low and cook for 8-10 hours. Before serving make rice. Serve over rice. Leftovers can be reheated in microwave. 
Pasta Dough,8 eggs 2 tsp. salt 4 cups all purpose flour Pasta Dough ,"In a large bowl, combine eggs & salt. Beat well. Add flour, 1 cup at a time until dough sticks together but is still soft. Spread flour on a board, knead dough for 15-20 minutes. Cover and let stand in a warm place for about 1 hour. Knead for another 5 minutes. Flatten small amounts of dough to form a 2"" x 2"" square. Coat square in flour and repeatedly run through pasta machine until desired thickness is obtained, or use rolling pin. Cut paste shape using pasta machine or slice desired shape by hand. Lay out cut pasta on table covered with a table cloth until dry. Pack in plastic bags and store in a cool place. Cook pasta in boiling salted water until tender. Homemade pasta usually takes less time to cook. Top with your favorite sauce. "
Super Easy Crockpot Roast,"1 beef roast, any kind 1 package dried brown gravy mix 1 package dried Italian salad dressingmix 1 package dried ranch dressing mix 1/2 cup water ",Place beef roast in crockpot. Combine the driedmixes together in a bowl and sprinkle over the roast. Pour the wateraround the roast. Cook on low for 7-9 hours. 
Grilled Key Lime Chicken,"3 pounds Chicken breasts; boneless, skinless 1 cup Key lime juice 1 tablespoon Honey 3/4 cup Water 1/2 teaspoon Fresh ground black pepper 1/2 teaspoon Ground thyme 2 tablespoons Vegetable oil 1 tablespoon Fresh ginger; peel, grated Grilled Key Lime Chicken ","Combine all ingredients except chicken in blender or food processor. Process until combined well. Pour over chicken. Cover and let marinate in the refrigerator overnight. Grill over hot coals, turning once, until done. Garnish with cilantro and lime slices. "
Shrimp On The Barbie,"12 Giant Prawns, shelled and heads and tails intact 1/4 cup Butter 1 cup Orange juice (freshly, squeezed) 2 tablespoons Sherry 1 teaspoon Orange Zest (grated) 2 each Green onions, tops and white 1 teaspoon Ginger root, (freshly grated) ","Soak a dozen long wooden skewers in water for 30 minutes. Then push skewers through prawns, lengthwise, from head to tail with only 1 toa skewer. Combine all ingredients in saucepan and cook over medium to low heat, stirring, until butter is completely melted. Dip skewered prawns in the orange sauce and position on oiled grill rack about 4 inches above the coals. Baste liberally with sauce and grill for 2 minutes. Turn the prawn over and baste again, cooking for another 2 minutes. Smaller prawn will be done at this point, but continue basting and turning larger prawn until they are pink and cooked through. Remove from heat immediately when done, as they will get tough if overcooked. Use any remaining sauce for a dip for the prawns. "
Enchiladas,"1 pound Hamburger 1 Onion, chopped 4 1/2 ounces Can chopped chilies 1 can Mild enchilada sauce 10 1/2 ounces Golden mushroom soup 10 1/2 ounces Cheddar cheese soup 10 1/2 ounces Cream of mushroom soup 10 1/2 ounces Cream of celery soup 1 package tortilla chips Enchiladas ","Brown hamburger and chopped onion, pour off grease. Put all ingredients in crock pot except Doritos chips. Mix and cook low 4 to 6 hours. Last 15 minutes before you are ready to eat, add tortilla chips and stir. "
Calamari Imbottiti,"8 small squid 1 small onion,chopped 2 tablespoons raisins 1-1/2 cups bread crumbs 1 teaspoon minced parsley 2 tablespoons grated Parmesan cheese salt and pepper 1 egg ,well beaten 1 #2 can tomatoes 4 tablespoon olive oil 1 clove garlic cover with the following sauce: 1 #2 can tomatoes, 4 tablespoon olive oil, 1 clove garlic. Brown garlic in oil, mash tomatoes with fork, and add. Calamari Imbottiti ","Have fish dealer clean squid thoroughly, removing eyes, outside skin and intestines. Cut off heads and tentacles. Wash well, and drain. Combine remaining ingredients, and fill the cavity in each squid with stuffing. Sew squid closed, or fasten with toothpicks. Place in baking dish or pan, and Simmer for 10 minutes. Then pour over squid and bake in hot oven 400 degree for 35 minutes, or until tender. Serve whole with sauce. "
Corned Beef And Cabbage,"2 medium Onions, sliced 2 1/2 pounds Corned beef brisket 1 cup Apple juice 1/4 cup Brown sugar, packed 2 teaspoons Orange peel, finely shredded 2 teaspoons Prepared mustard 6 Whole cloves 6 Cabbage wedges Corned Beef And Cabbage ","Place onions in crockpot. Trim away any fat that might be present on the brisket. If needed, cut brisket to fit into crockpot; place on top of onions. In a bowl, combine apple juice, sugar, orange peel, mustard, and cloves; pour over brisket. Place cabbage on top of brisket. Cover; cook on low setting for 10 to 12 hours or high setting for 5 — 6 hours. "
Italian Chicken,"1 frying chicken, cut into pieces 1 teaspoon seasoned salt 1/4 cup flour 1/2 teaspoon salt 1/8 teaspoon pepper 2 tablespoons Parmesan cheese, grated 1/2 cup chicken stock 1 can mushrooms, drained 1/2 teaspoon paprika zucchini, sliced into medium pieces freshly ground black pepper parsley to garnish Italian Chicken ","Sprinkle chicken with seasoned salt. Combine flour, salt, pepper, cheese, and paprika. Coat chicken pieces with mixture. Place zucchini in bottom of Crockpot. Pour stock over zucchini. Arrange chicken on top. Cover and cook on low for 6 to 8 hours or until tender. Turn control to high, add mushrooms, cover, and cook on high for another 10-15 minutes. Garnish with freshly ground black pepper and parsley. "
Carolina BBQ Rub,2 tablespoons salt 2 tablespoons sugar 2 tablespoons brown sugar 2 tablespoons ground cumin 2 tablespoons chili powder 2 tablespoons freshly ground black pepper 1 tablespoon cayenne pepper 1/4 cup paprika Carolina BBQ Rub ,"Combine all ingredients in a small bowl and mix well; use as a dry rub on beef, chicken, lamb or pork. "
Cajun Blackening Spices,5 teaspoons paprika 1 teaspoon ground dried oregano 1 teaspoon ground dried thyme 1 teaspoon cayenne pepper 1/2 teaspoon finely ground black pepper 1/2 teaspoon finely ground white pepper 1/2 teaspoon garlic powder Cajun Blackening Spices ,Mix together and store in an air-tight container. 
Jack Daniel's Grilling Sauce,1/2 cup pineapple juice 3 tablespoons soy sauce 1-1/2 teaspoon garlic powder 1/4 cup Jack Daniel's Whiskey Jack Daniel's Grilling Sauce ,"Combine all ingredients and mix well. Dip meat in sauce and place on grill over hot coals. When meat is turned, brush with sauce. Grill to desired degree of doneness. Just before meat is removed from grill, brush again with sauce. Makes enough for 8 servings. "
Spumone Di Zabaglione,6 eggs 1/2 cup sugar 1/2 tsp. nutmeg 1/2 cup marsala 3 tbsp. dark rum 1-1/2 cup heavy cream ,"Separate the eggs and place the yolks in the top part of a double boiler. Place the whites in a stainless steel bowl at room temperature. Add sugar and nutmeg to eggs and beat, off the heat, until it forms ribbons. Add marsala and rum and place over double boiler. Beat until frothy and foamy and quite firm, about 2 to 3 minutes. Remove to ice bath and cool while whisking. Beat the cream to soft peaks and fold egg mixture into whites. Place into ice cream machine and chill according to manufacturer's instructions. Place in freezer, well covered. When ready to serve, scoop into balls and garnish with crushed amaretti cookies. "
Maple Barbecued Chicken,4 skinless chicken thighs 3 tablespoons maple syrup 3 tablespoons chili sauce 1 tablespoon cider vinegar 1 tablespoon canola oil 2 teaspoon Dijon mustard 1 cup Apple Wood Chips 5 minutes. Brush chicken with the oil and season with salt and pepper. Maple Barbecued Chicken ,"Soak Apple Chips in water for 30 minutes. Preheat grill. Combine syrup, chili sauce, vinegar and mustard together in a saucepan. Let simmer for Add wood chips to coals. Place chicken on grill and cook for 10-15 minutes or until fork tender. Turn occasionally and brush generously with sauce in the last few minutes before they are done. "
Chinese Country Ribs,"2 cups Ketchup 2 tablespoons Honey 2 tablespoons White Vinegar 2 tablespoons Soy sauce 1/4 teaspoon Five spice powder, (opt.) 1 small Onion: finely chopped 2 teaspoons Fresh ginger, minced 1 Garlic clove, minced 1 teaspoon Cornstarch, dissolved in 1 Teaspoon cold water 4 pounds Country ribs:, cut into individual Hot cooked rice Chinese Country Ribs ","In a 3-1/2 quart slow cooker, combine ketchup, honey, vinegar, soy sauce, five—spice powder, onion, ginger and garlic. Position a broiler rack 6 inches from the saurce of the heat and preheat the broiler. Broil the ribs, turning once, until browned. About 10 minutes. Transfer the ribs to the slow cooker. Stir to coat the ribs with the sauce. Cover and slow cook until ribs are tender, 5—6 hours on LOW. Transfer the ribs to a platter and cover with aluminum foil to keep warm. Skim the fat from the surface of the sauce. In a medium saucepan bring the sauce to a simmer over a medium heat. Cook until reduced to about | cup. (6-8 minutes) Stir in the cornstarch mixture and cook just until thickened. Pour the sauce over ribs and serve immeadiately with hot cooked rice. "
Cinnamon Honey Wings,"2 1/2 pounds Chicken wings 4 each Garlic cloves, chopped 1/4 cup Olive oil 2 tablespoons Soy sauce 1/4 cup Vinegar, rice 1/4 cup Honey, mild 1-1/2 teaspoons Cinnamon, ground 1 teaspoon Thyme 1/2 teaspoon Ginger, ground 1/2 teaspoon Mustard, dry 1 cup Apple Wood Chips 10 minutes or until done. Serve immediately or refrigerate until needed. Cinnamon Honey Wings ","Mix all ingredients (except chips) in a plastic bag then knead occasionally for 2 hours. Soak wood chips in water for 30 minutes. Prepare fire in grill. Add chips to hot coals. Cook wings on the grill for about 10 minutes on one side, then turn and baste with the marinade. Continue cooking "
Home-Style Bread Pudding,"2 Eggs, slightly beaten 2 1/4 Cup Milk 1 Teaspoon Vanilla 1/2 Teaspoon Cinnamon 1/4 Teaspoon Salt 2 Cup 1-inch bread cubes 1/2 Cup Brown sugar 1/2 Cup Raisins or chopped dates Home-Style Bread Pudding ","In medium mixing bowl, combine eggs with milk, vanilla, cinnamon, salt, bread, sugar, and raisins or dates. Pour into 1 1/2—qt. baking dish. Place metal trivet or rack in bottom of crockpot. Add 1/2 cup hot water. Set baking dish on trivet. Cover pot; cook on high for about 2 hours. Serve pudding warm or cool. "
Insalata Caprese,"4 large fresh tomatoes, sliced 1/4 inch thick 16 ounces fresh mozzarella cheese, sliced 1/4 inch thick 1/3 cup packed whole leaf fresh basil 4 tablespoons extra virgin olive oil fine sea salt to taste freshly ground black pepper to taste 1/4 cup imported olives Insalata Caprese ","On a large platter, arrange tomato and mozzarella slices and basil leaves, alternating and overlapping each. Drizzle salad with olive oil; Sprinkle with salt and pepper. Garnish with imported olives. "
Eggplant Parmigiana,"2 Small Eggplants; unpeeled cut into 1/4-inch rounds 2 Eggs; lightly beaten 1-1/2 Cup Bread crumbs 1/2 Teaspoon Salt 1/8 Teaspoon Pepper 1 Garlic cloves peeled and halved 3/4 Cup Olive oil 20 Ounce Tomatoes, canned 1/3 Cup Tomato paste 2 Tablespoon Minced basil 1 Teaspoon Salt 1/8 Teaspoon Pepper 1 Cup Grated Parmesan cheese 1/2 Pound Mozzarella cheese; thinly sliced Eggplant Parmigiana ","Dip eggplant slices in eggs, then in bread crumbs seasoned with salt and pepper. Refrigerate 20 minutes. In a large saucepan, saute garlic in 2 tablespoons oil for 1-2 minutes. Remove garlic and add tomatoes, tomato paste, basil, salt and pepper. Cover and simmer 30 minutes. Preheat oven to 350F. Brown eggplant in 1/4—-inch oil in a large skillet. Drain on paper towels. Put a thin layer of tomato sauce into a baking dish and layer eggplant, sauce, Parmesan and mozzarella, alternately. End with mozzarella on top. Bake, uncovered, for 30 minutes. "
Savory Swiss Steak,"1-1/2 pounds Round steak 1/4 cup Flour 2 teaspoons Dry mustard 1 teaspoon Salt 1/4 teaspoon Pepper 2 tablespoons Butter 2 tablespoons Oil 1 Onion, finely chopped 2 Carrots, peeled and grated 2 Stalks celery, finely chopped 1 can (16 oz) tomatoes 2 tablespoons Worcestershire sauce 1 tablespoon Brown sugar ","Cut steak into 6 serving—size portions. Coat with a mixture of flour, mustard, salt and pepper. Using a large frying pan, brown meat in half the butter and oil. Transfer to crockpot. Heat remaining butter and oil in frying pan. Saute onions, carrots and celery until glazed. Add tomatoes, Worcestershire and brown sugar. Heat, scraping up drippings. Pour over meat. Cover. Cook on low, 6 to 8 hours, or until tender. Serve meat with sauce spooned over. Sprinkle with parsley. "
Focaccia Versiliese,"2 Teaspoon dried yeast 1 Cup warm water 1 Tablespoon olive oil 1 Tablespoon rosemary, chopped 4 sage leaves, torn 3 1/2 Ounce olives, pitted 2 Tablespoon garlic, minced 2 Cup unbleached all-purpose flour 1 Cup corn flour 2 Teaspoon salt 2 Teaspoon olive oil 30 minutes before baking, preheat oven to 400F. Just before baking, dimple the top of the dough with your fingertips & sprinkle with some extra salt & 2 ts of oil. Bake for 25 to 30 minutes until golden. Slide off baking sheet onto a rack & let cool for a few minutes before eating warm or at room temperature. Focaccia Versiliese ","Stir the yeast into a alrge mixing bowl with the water & let proof for 10 minutes. Stir in the olive oil, rosemary, sage, olives & garlic. Using a wooden spoon, mix in the flours & salt & stir until the dough is thick & smooth. Knead by hand for 8 to 10 minutes until the dough is firm & elastic. Set the dough in a lightly oiled container, cover with plastic wrap & let rise until doubled. Turn the dough onto an oiled 10 1/2"" X 15 1/2"" baking pan & stretch it to fit. If it won't fit, let it rest for 10 minutes & try again. Cover with a towel & leave until it has half risen, about 30 minutes. VARIATION: Focaccia Dolce. Substitute 2 oz raisins & 1 0z pine nuts for the olives, herbs & garlic. Soak the raisins in warm water for 30 minutes before using & toast the pine nuts. "
Italian Tomato Sauce,"2 — 28 ounce cans diced or ground tomatoes or whole tomatoes NOT packed in puree or sauce 3 tablespoons high-quality olive oil 1 large, thick pork chop or 1-1/2 pounds beef chuck, steak preferred 1 medium onion, peeled and finely chopped 1 medium carrot, peeled and finely chopped 4 garlic cloves, peeled and crushed 1/2 cup red wine 1-1/2 teaspoons salt 3 tablespoons fresh basil or Italian parsley, chopped Freshly ground black pepper to taste Add the reserved tomatoes (if using crushed or minced tomatoes, just add heat to low to maintain a slow simmer, partially cover, and cook until the meat is tender, about 45 to 55 minutes, depending on the thickness of the Stir in the basil and/or parsley and add freshly ground black pepper to Italian Tomato Sauce 26 ","If using whole tomatoes, drain them, reserving the liquid and chop. Reserve tomatoes and juice in a bowl. In a nonreactive Dutch oven, heat the olive oil. Season the chop with salt and pepper and brown over medium-high heat on both sides, about 8 minutes total. Remove meat and set aside. Reduce heat to medium-low, add the onion and carrot and saute until softened, 8 to 10 minutes. Add the garlic and saute for 1 minute. Return the meat and any accumulated juices to the pot and add the wine. Bring to a simmer, and cook uncovered for 3 minutes. them directly from the can) and the salt and bring back to a simmer. Reduce meat. Remove meat and keep warm. Raise heat to medium and continue cooking sauce for about 5 minutes, or until sauce has thickened. taste (the sauce will be salty at this point; it will taste fine once added to pasta). Slice the meat and serve with pasta and sauce. "
Tennessee BBQ Sauce,"1 Cup Catsup 1/2 Cup Vinegar 1/4 Cup Worcestershire sauce 2 Cup Water 1 Onions, chopped 1/2 Cup Brown sugar 1 Teaspoon Celery seed 1/2 Teaspoon Salt Tennessee BBQ Sauce ","Combine ingredients in small saucepan and bring to boil. Simmer until reduced to thick sauce, stirring occasionally. "
Chicken Livers,"1 pound Chicken livers 1/2 cup Flour 1 teaspoon Salt 1/4 teaspoon Pepper 3 Bacon slices, diced 3 Green onions, with tops, chopped 1 cup Chicken bouillon 1 can (10 1/2 oz.) Golden Mushroom soup 1 can Sliced mushrooms, 4—ounce (drained) 1/4 cup White wine —— dry or sauterne Chicken Livers ","Cut chicken livers into bite-size pieces; toss in flour, salt and pepper. Fry bacon pieces in large skillet; remove when brown. Add flour—coated chicken livers and green onion to bacon grease in skillet; saute until lightly browned. Pour chicken bouillon into skillet and stir into drippings. Pour all into crockpot. Add browned bacon bits and all remaining ingredients. Cover and cook on Low 4 to 6 hours. Serve over rice, toast or buttered noodles. "
Meatloaf,"1/2 cup whole milk 2 white bread slices 1-1/2 pounds ground beef 2 eggs 1 small onion, peeled 1-1/2 teaspoons salt 1/2 teaspoon pepper 1 teaspoon dry mustard 12 ounces tomatoes, whole ","Place the milk and the bread in a large mixing bowl, and let stand until the bread has adsorbed all the milk. With two forks, break the bread into crumbs. Beat the ground beef into the crumbs until well mixed. make a hollow in the center of the meat and break the eggs into it. Beat the eggs a little; then grate the onions into the eggs. Add salt, pepper and mustard. Beat the eggs into the beef. Shape into a round cake and place in the slow cooker. Drain the tomatoes, and place them on the meat. Cover and cook on Low for 5 to 7 hours. Before serving, uncover the pot; turn the heat to High, and bubble away some of the sauce. It should be thick, not thin. "
Meatballs (Polpette Alla Casalinga),"2 slices Italian bread, torn into small pieces 1/2 Cup milk 2 Thlsp. finely chopped fresh Italian parsley 2 cloves finely chopped garlic 1 teaspoon salt 1 egg lightly beaten 1 pound beef chuck, ground twice 6 Tblsp. freshly grated Romano cheese 1 Tblisp. olive oil 1/4 teaspoon garlic salt Freshly ground black pepper 1 Tblsp. oregano out in one layer on a flat tray or baking sheet, cover them with plastic Meatballs (Polpette Alla Casalinga) 16 ","Soak the pieces of bread in 1/2 cup milk for 5 minutes, then squeeze them dry an discard the milk. In a large mixing bowl, combine the soaked bread, then beaten egg, beef and sausage with the remaining ingredients. Knead the mixture vigorously with both hands or beat with a wooden spoon until all ingredients are well blended and the mixture is smooth and fluffy. Shape the mixture into small balls about 1/1/2 inches in diameter. Lay the meatballs wrap and chill for at least 1 hour. Heat 1/4 cup of olive or vegetable oil in a heated, heavy 10-12 inch skillet until a light haze forms over it. Fry the meatballs 5 or 6 at a time over a moderately high heat, shaking the pan constantly to roll the balls and keep them round. In 8 — 10 minutes, the meatballs should be brown outside and show no trace of pink inside. Add more oil to the skillet as needed. Serve the meatballs hot with tomato sauce. "
Potato Stuffed Cabbage,"1 head cabbage 5 pounds potatoes, peeled 2 onions 1/2 cup rice, raw 1 teaspoon dried dill weed 1/4 teaspoon black pepper, ground 2 egg whites 28 ounces tomatoes 1 apple, peeled and sliced 1/4 teaspoon ground ginger ","Parboil cabbage and separate the leaves. Slice off part of the heavy stalk of each leaf by slicing parallel to the leaf (do not cut into the leaf). Grate potatoes, small inner leaves of cabbage, and one of the onions. Mix together. Add rice, dill, and black pepper. Beat egg whites until frothy and add to potato mixture. Set aside two or three of the largest leaves. Fill each remaining cabbage leaf with approximately 2 tablespoon of the potato mixture. Fold up bottom of leaf, then fold in the sides, and roll up. Secure with toothpick if necessary. Slice the reserved leaves and line the bottom of crock pot with them. Slice second onion and layer on top of cabbage. Add tomatoes, apple, and ginger. Place rolled stuffed cabbages into pot. Cook at low heat for 4 to 5 hours. "
Mediterranean Grilled Vegetables,1 pound Large onion 1 pound Red bell pepper 1 pound Green bell pepper 1 pound Yellow squash 1 pound Zucchini squash 1 cup Olive oil 1/3 cup Italian seasoning ,"Peel onions and cut top—to—bottom in large wedges. Cut tops from bell peppers, remove core, and cut in large top—to—bottom pieces. Trim ends from squash and cut in diagonal rounds, about 1/2"" thick. Toss all vegetables in a large bowl with olive oil and seasoning, breaking up the onion wedges somewhat. Place in a single layer on a very hot grill (watch out for the flare-ups!) and grill, turning occasionally, until peppers are slightly charred and veggies are tender (about 5 minutes). Serve immediately. These are also good refrigerated, then microwaved to reheat. "
Risotto alla Parmigiana,"2 tablespoons unsalted butter 2 tablespoons olive oil 1 medium onion, finely chopped 1 pound Arborio rice 6 cups chicken stock, hot 2 tablespoons butter 3 ounces Parmagiano Reggiano cheese, coarsely grated The rice should be very moist and creamy, but not runny; Risotto alla Parmigiana ","Heat the butter and oil in a large, straight-sided saute pan or saucepan. Add the onion, and saute until soft, without browning. Add the rice, and saute for 2 minutes until the rice is well-coated. Ladle 1/2 cup of stock into the rice, stirring constantly, until all the liquid is absorbed and the rice is almost dry. Add more stock, 1/2 cup at a time, until it's all absorbed by the rice and the rice is al dente. the rice should be firm but tender, not crunchy. Remove from heat, and stir in the raw butter and the Parmagiano cheese. Salt to taste, and serve immediately. "
Baby Back Ribs With Mustard Sauce,"1/3 cup Brown sugar 1/4 cup Onion, finely chopped 1/4 cup Vinegar 1/4 cup Mustard 1/2 teaspoon Celery seed 1/4 teaspoon Garlic powder 4 pounds Pork spareribs, or pork loin ribs, cut into pieces Baby Back Ribs With Mustard Sauce ","For sauce, in a saucepan combine brown sugar, onion, vinegar, mustard, celery seed and garlic powder. Bring to boiling, stirring till sugar dissolves. Preheat grill. Adjust heat for indirect cooking. Place ribs on grill rack over medium heat. Cover and grill for 1 1/4 to 1 1/2 hours or till ribs are tender and no pink remains. Brush occasionally with sauce the last 15 minutes of grilling. "
Molasses Orange Barbecue Sauce,"1 Can Tomato soup, condensed (10 3/4 Ounce) 1 Can Tomato sauce, 8 Ounce can 1/2 Cup Molasses, light 1/2 Cup Vinegar 1/2 Cup Brown sugar, packed 1/4 Cup Vegetable oil 1 Tablespoon Minced onion, instant 1 Tablespoon Seasoned salt 1 Tablespoon Dry mustard 1 Tablespoon Worcestershire sauce 1 Tablespoon Orange peel, finely shredded 1-1/2 Teaspoon Paprika 1/2 Teaspoon Pepper, black 1/4 Teaspoon Garlic powder Molasses Orange Barbecue Sauce ","In a saucepan, combine all ingredients. Bring to a boil; reduce heat and simmer uncovered fo 20 minutes. Use to baste beef or poultry last 15 minutes of grilling. "
Kansas City Rib Rub,1/2 cup brown sugar 1/4 cup paprika 1 tablespoon black pepper 1 tablespoon salt 1 tablespoon chili powder 3/4 tablespoon garlic powder 3/4 tablespoon onion powder 1 teaspoon cayenne Kansas City Rib Rub ,Mix all ingredients together and store in an air tight container. 
Fall Lamb And Vegetable Stew,"2 pounds Lamb stew meat 2 Tomatoes 1 Summer squash 1 Zucchini 1 Potatoes 1 can Mushrooms, sliced 1/2 cup Bell peppers, chopped 1 cup Onions, chopped 2 teaspoons Salt 1 each Garlic cloves, crushed 1/2 teaspoon Thyme leaves 1 each Bay leaves 2 cups Stock, chicken 2 tablespoons Butter 2 tablespoons Flour Fall Lamb And Vegetable Stew ","Peel, seed, and chop tomatoes. Slice summer squash and zucchini. Dice potatoes. Place lamb and vegetables in crockpot. Mix salt, garlic, thyme, and bay leaf into stock; pour over lamb and vegetables. Cover and cook on low 8 hours. (Don't peek. Lifting the lid prolongs cooking time.) Turn to high. Blend flour and butter, then shape into small balls. Drop into stew and cook, stirring several times, until thickened. Serve over hot noodles or rice. "
Stuffed Roasted Peppers,"4-7 oz. cans roasted peppers 1 cup seasoned breadcrumbs 8 oz. shredded fontina cheese 3 cloves minced garlic 1/4 cup imported grated romano cheese A few sprigs of fresh parsley, chopped fine Salt and pepper Flour and beaten eggs (enough to dredge peppers in) Olive oil to fry peppers in ","Drain peppers and rinse with water. Open peppers, splitting in one side, so that they lay flat on counter. Sprinkle with small amount of breadcrumbs, reserving most to coat peppers with. Add minced garlic, shredded fontina cheese, parsley, and grated romano cheese. Roll up peppers, keeping as much filling inside as possible, then dredge in flour, egg, then seasoned bread crumbs and set aside. Heat olive oil on medium-high heat in frypan. When hot, fry peppers until golden, turning once to brown evenly. Sprinkle with salt and pepper and serve. "
Memphis-Style Barbecued Ribs,"3 Pound Racks baby back ribs 2 Teaspoon Salt 2 Teaspoon Coarse ground black pepper Apple Juice for Basting 1 Cup Red wine vinegar 2 Cup Onion, chopped 2 Garlic, cloves, minced 1/4 Cup Mustard, yellow prepared 1/2 Cup Brown sugar, packed 2 Cup Ketchup 2 Lemons, thinly sliced 1 Teaspoon Louisiana hot sauce Memphis-—Style Barbecued Ribs 18 ","Trim as much fat as possible from ribs. On bone side, work knife tip beneath membrane that covers bone until finger tips can be worked beneath rack membrane, loosening enough to get firm grip. Then peel membrane off rack. With paring knife, scrape any fat away from bone. Sprinkle ribs on both sides with even, light coating of salt and pepper. Place ribs, bone-side—down on grill. Grill over low fire 1 1/2 hours, turning every 15 to 20 minutes, replenishing fire as necessary. Baste with apple juice at every turn during first half of cooking period either by brushing on, or simply spraying apple juice from spray bottle. If smoking with indirect heat, turn at 1 hour intervals, cooking 4 to 6 hours. Combine vinegar, onion, garlic, mustard, sugar and hot sauce in blender. Blend until smooth. Place in saucepan and add ketchup. Simmer 20 minutes. Add lemon slices. Stir occasionally to keep from sticking. Use sauce as frequent baste for last half of cooking period, whether grilling or smoking, being careful not to burn ribs. Serve remaining sauce on side. "
Grilled Halibut With Oriental Sauce,"1/4 cup orange juice 2 Tablespoons soy sauce 2 Tablespoons ketchup 2 Tablespoons vegetable oil 2 Tablespoons fresh parsley or 1 Tbsp dried parsley, chopped 1 Tablespoon fresh lemon juice 1/2 Teaspoon oregano 1/2 Teaspoon pepper 1 clove garlic, minced 4 6-0z. halibut steaks, cleaned 1 cup Apple Wood chips ","Combine orange juice, soy sauce, ketchup, oil, parsley, lemon juice, oregano, pepper and garlic in a small bowl. Brush the mixture evenly on the steaks, refrigerate. Brush the grill lightly with oil. Light the coals or gas grill. Soak the apple wood chips in water for about 45 minutes. When the coals turn white add the wood chips. When the chips start to smoke place the steaks on the grill rack and cook turning once, about 5 to 6 minutes per side, or until the steaks flake when tested with a fork. "
New England Boiled Dinner,"3 pounds Corned beef 6 Carrots, cut in half Lengthwise 6 Potatoes, cut in half Lengthwise 1 medium Size head of cabbage 3 cups Water 6 Turnips, cut in quarters ","Place corned beef and water in Crock Pot Cooker.Cover. Set on high. When steaming vigorously,set to medium and continue cooking 2 1/2 hours. Remove meat from cooker.Put potatoes, turnips,carrots and cabbage in Cooker. Place meat on top of vegetables. Cover and when mixture is steaming briskly, set to medium. Cook for 45 minutes. Ham may be used in place of corned beef, if desired. "
Grilled Leek And Sweet Pepper,"2 medium leeks, green tops trimmed, split up to the root ends, cleaned 1 Tablespoon olive oil 1 large red bell pepper 1 large yellow bell pepper 4 Tablespoon unsalted butter 1 large clove, garlic, minced fine 1/3 cup dry vermouth 1 Tablespoon fresh thyme leaves 1 cup Apple Wood chips Grill, turning as needed, until leeks are tender and golden brown, about 10-12 minutes, and skin of peppers is charred, about 15 minutes. Remove the leeks from grill and let cool. Remove the peppers from the grill and place Grilled Leek And Sweet Pepper 20 ","salt and freshly ground pepper to taste 12 oz. fresh fettuccine Prepare a medium-hot fire in the grill. Coat the leeks with olive oil. When the coals are covered in gray ash add the presoaked chips to the fire. When the chips start to smoke place the leeks and peppers on the cooking grid directly over the fire. in a paper or plastic bag and seal; set aside and allow to steam. When cool, trim root ends from leeks, then cut into thin strips. Peel and seed bell peppers and cut into thin strips. Meanwhile, heat a large pot of water to boiling. Heat butter in a large skillet over medium heat. Add garlic and cook, stirring frequently, until pale golden. Add vermouth, and reduce to syrupy consistency. Stir in leeks and peppers and season with salt and pepper. Salt boiling water, add pasta, and cook until tender but still firm to the bite. Drain thoroughly, add to skillet and toss well. Sprinkle with thyme and serve hot. "
Carbonara Sauce,"4 Tablespoon Butter 8 Slice Bacon; cut in 1/4"" strips 2 Eggs 2 Egg yolks 1 Teaspoon Red pepper flakes 1 Cup Parmesan cheese 1/2 Cup Heavy cream 1 Teaspoon Salt Black pepper 1 Pound Spaghetti 8 Quarts water ","Cream soft butter. In another bowl, beat eggs & yolks and whisk until blended, add 1/2 cup cheese. Heat large casserole dish in 200F oven. Bring water & salt to boil in large pot. Meanwhile, fry bacon in skillet over med heat until crisp. Pour off half of fat and stir in red pepper flakes and cream. Bring cream mixture to simmer and keep warm until spaghetti is done. Transfer cooked spaghetti to heated serving bowl and stir in creamed butter. Coat well. Stir in hot bacon & cream mixture and finally the beaten eggs and cheese. The heat of the pasta will cook the raw eggs. Taste and season with salt and pepper. Serve with remaining grated cheese. "
Tomato Bruschetta,"1 Loaf Italian bread, halved lengthwise then cut crosswise diagonally, into 1—in slices 1 Garlic clove; minced 2 Tablespoon Olive oil 2 Large Tomatoes; peeled, seeded, and chopped 1/4 Teaspoon Salt 1/4 Teaspoon Pepper 1/2 Cup Chopped fresh basil Tomato Bruschetta ",Toast the bread under the broiler until lightly browned. Combine the garlic and olive oil and brush over one side of the bread. Spread the tomatoes over the bread. Sprinkle with salt and pepper. Broil for about 30 seconds to heat the tomatoes. Sprinkle with basil and serve. 
French Onion Beef,"1 1/4 pounds Boneless beef round steak 1 package (8 oz) fresh sliced mushrooms 1 large Onion sliced into rings 1 can French onion soup condensed 1 package 15 minute herb stuffing mix 1/4 cup Margarine or butter, melted 4 ounces Shredded mozzarella cheese French Onion Beef ","Cut beef into 6 serving—size pieces. Layer half of the beef, mushrooms and onion in 3 1/2 to 4—quart slow cooker; repeat layers. Pour soup over ingredients in slow cooker. Cover; cook on low setting for 8 to 10 hours or until beef is tender and no longer pink. Before serving, toss stuffing mix and contents of seasoning packet with melted margarine and 1/2 cup liquid from pot. Place stuffing on top of contents in slow cooker; cover. Increase heat to high setting. Cook 10 minutes or until stuffing is fluffy. Sprinkle with cheese; cover. Cook until cheese is melted. "
Manicotti,"1 lb. ricotta cheese 1 1/2 lbs. mozzarella cheese (grated), divided 1/4 cup romano cheese (grated) Salt and pepper 1/4 cup provolone cheese (grated) Parsley (chopped) 3 eggs 2-3 cups tomato sauce Manicotti ","Combine all ingredients together, except tomato sauce. Mix well. (Use 1 lb. mozzarella cheese) Spread some tomato sauce on the bottom of a baking pan. Stuff manicotti shells and place in pan. Spread more tomato sauce in between each layer and on the top, followed by 1/2 lb. of just mozzarella cheese. Bake at 350 degrees F for 3/4 hour. Then, broil for 2-3 minutes to brown top. "
Beef Bourguinon,"4 pounds lean beef, cubed 1 cup red wine 1/3 cup oil 1 teaspoon thyme 1 teaspoon black pepper 8 slices bacon, diced 2 cloves garlic, crushed 1 onion, diced 1 pound mushrooms, sliced 1/3 cup flour Beef Bourguinon ","Marinate beef in wine,oil,thyme and pepper 4 hrs at room temp. or overnight in the fridge. In large pan, cook bacon until soft. Add garlic and onion sauteeing until soft. Add mushrooms and cook until slightly wilted. Drain beef reserving liquid. Place beef in slow cooker. Sprinkle flour over the beef stirring until well coated. Add mushroom mixture on top. Pour reserved marinade over all. Cook on LOW 8-9 hrs. "
Slow Cook Jambalaya,"1 Bell pepper, chopped 1 Onion, chopped 2 Medium tomatoes, chopped 1 cup Chopped celery 1 Clove garlic, crushed 2 tablespoons Minced parsley 2 teaspoons Chopped thyme leaves 2 teaspoons Oregano leaves, chopped 1/8 teaspoon Cayenne 1/2 teaspoon Salt 4 ounces Smoked sausage, chopped 8 ounces Chicken breast, chopped 2 cups Beef broth or bouillon 1/2 pound Cooked shelled shrimp 1 cup Cooked rice ","Shell shrimp, halve lengthwise. In slow cooker,combine all ingred. except shrimp & rice. Cover & cook on low 9-10 hours. Turn slow cooker on high, add cooked shrimp & cooked rice. Cover; cook on high 20-30 minutes. "
Bourbon Steak,"1-1/2 pounds steak 1 teaspoon. sugar 1/4 cup bourbon 2 tablespoons soy sauce 2 tablespoons water 1 garlic clove, crushed 1 cup Apple Wood Chips ","Mix all ingredients (except chips) together, place in ziplock bag and marinate steak 4 hours or over night. Soak wood chips in water for 30 minutes, and add to hot coals just before commencing to grill. Grill steak to desired doneness. This recipe is good with any cut of steak you like. "
Fresh Artichokes,"2 large Fresh artichokes 6 cups —Water, hot 4 slices Lemon, thin slices 1/3 cup Butter; or margarine, melted 3 tablespoons Lemon juice 1/4 teaspoon Seasoned salt Fresh Artichokes ","With sharp knife, slice about 1"" off top of each artichoke; cut off stem near base. With scissors, trim about 1/2"" off top of each leaf. With sharp knife, halve each artichoke vertically; then scoop out and discard the fuzzy center or choke. Place artichoke halves in slowcooker; add hot water and lemon slices. Cover and cook on HIGH 4 to 5 hrs. or until done. Drain; serve with sauce. Lemon butter sauce — combine all ingredients. "
Watermelon Barbecue Sauce,1 — 6 Pound Seedless Watermelon chunk 8 Ounces Tomato Paste 1 Tablespoon Onion Powder 1 Tablespoon Garlic Powder 2 Cups Firmly packed brown sugar 1/2 Cup Sherry 2 Teaspoons Lemon juice 1 Teaspoon Liquid smoke Watermelon Barbecue Sauce ,Cut the melon into pieces and place in a saucepan. Cook it uncovered over medium heat until the melon is the consistency of applesauce (approximately 2-3 hours). Stir it occasionally. Add remaining ingredients. Simmer uncovered over low heat for 2 hours. Allow to cool to room temperature before using. 
Hungarian Goulash,"2 Pounds Round steaks, cut in 1/2"" — cubes 1 Cup Chopped onion 1 Clove garlic, minced 2 Tablespoon Flour 1 Teaspoon Salt 1/2 Teaspoon Pepper 1-1/2 Teaspoon Paprika 1/4 Teaspoon Dried thyme, crushed 1 (14 1/2 oz) can tomatoes 1 Cup Sour cream Noodles Hungarian Goulash ","Put steak cubes, onion, garlic in crockpot. Stir in flour and mix to coat steak cubes. Add all remaining ingredients except sour cream. Stir well. Cover and cook on Low 8-10 hours Add sour cream 30 minutes before serving, and stir in thoroughly. (High: 4-5 hours, stirring occasionally.) Serve over hot buttered noodles. "
Honey Spiced BBQ Sauce,"1 1/4 Cup Catchup 2/3 Cup Salad oil 3/4 Cup Vinegar 5 Tablespoons Worcestershire sauce 1 Cup Honey 2 Tablespoon Dry mustard 3 Teaspoon Ginger, fresh grated 1 Lemon, sliced thinly 3 Tablespoons Butter Honey Spiced BBQ Sauce ",Combine all ingredients in a saucepan and heat to blend together. Remove lemon peel before basting. 
Basic Polenta,"9 Cups Water 1 Teaspoon Salt 3 Cups Cornmeal; coarse-grain 1 inch wide and 6 inches long. Place slices in individual dishes. Serve hot, covered with your favorite sauce. Makes 6 to 8 servings. Basic Polenta ","Bring water to a boil in a large heavy pot. Add salt and reduce heat until water is simmering. Take cornmeal by the handful and add to water very slowly, controlling the flow to a thin stream through your fingers. To avoid lumps, stir quickly with a long handled wooden spoon while adding cornmeal. If necessary, stop adding cornmeal from time to time and beat mixture vigorously. Cook, stirring constantly, 20 to 30 minutes. Polenta will become very thick while cooking. It is done when it comes away cleanly from the sides of the pot. Pour polenta into a large wooden board or a large platter. Wet your hands and smooth out polenta evenly, about 2 inches thick. Let cool 5 to 10 minutes or until polenta solidifies. Cut cooled polenta into slices Variation: Fried Polenta (Polenta Fritta): Prepare polenta and let cool completely. Cut cooled polenta into slices 2 inches wide and 6 inches long. Pour oil about 1 inch deep in a large skillet. Heat oil until a 1-inch cube of bread turns golden almost immediately. Fry polenta slices on both sides until light golden. Drain on paper towels. Serve hot. It is importent to insure the oil is hot enough, otherwise the polenta will absorb oil and your polenta will be greasy and unpalatable. "
Gnocchi Alla Giordano,"2 pounds Baking potatoes 1 cup All-purpose flour 1 Whole egg plus 1 Egg yolk, lightly beaten 2 tablespoons Unsalted butter, softened 1 teaspoon Salt Freshly grated Parmesan cheese Tomato sauce Gnocchi Alla Giordano ","Boil the potatoes in their jackets, drain, peel and put through a ricer or food mill. While the potatoes are still warm, blend in the flour, add the egg, egg yolk, butter and salt. Place the potato mixture on a floured board and knead lightly; the dough will be soft. Roll the dough in 1"" thick sticks about 10"" long. Cut each roll into 3/4"" pieces. Rub each pieces of dough lightly over the coarse side of a cheese grater. In a large pot of boiling salted water, cook the gnocchi until they rise to the top of the water. Using a slotted spoon, remove the gnocchi to a warm bowl. Sprinkle with Parmesan cheese, top with tomato sauce and serve at once. "
Cavatelli Sausage With Broccoli,"1/2 lb. or 2 cups dried Cavatelli or other small shell-shaped Italian pasta 1/2 lb. or 3 links sweet Italian Sausage 2 cloves garlic, minced 1 bunch broccoli 1 1/4 cup low-salt chicken broth 1/4 cup raisins 1 tbls. unsalted butter Parmesan cheese ","Squeeze sausage from casings and saute in a heavy skillet or cast iron frying pan. Stir until no longer pink and sausage has broken down into small chunks. Remove sausage with slotted spoon leaving juices in pan. Cut broccoli into 1 inch pieces and saute in juices or drippings from the sausage. Stir gently til it begins to brown. Add garlic and saute 1 minute more. Add broth and raisins and simmer until the broccoli is tender, about 3 minutes. Do not over cook. Finally, add butter and stir to melt. Add, with sausage, to cooked pasta and serve with parmesan cheese. "
Torta Di Spinaci,"10 oz. spinach, blanched 1 minute, drained, dried and chopped 2 cups all purpose flour, extra for kneading dough 1/2 cup unsalted butter(4 oz.) 1 egg yoke plus 3 whole eggs, beaten 3 tbs milk 1/4 cup golden raisins, soak 30 minutes in water, drain 3/4 cup heavy cream 1/2 cup grated Parmesan cheese salt and ground pepper 2 1/2 tbs (1 0z.) Pine nuts Torta Di Spinaci 15 ","To make dough by hand: Pour flour into a bowl, add salt and the butter. Using fingertips, work the butter into flour until a crumbly dough forms. Add the egg yoke and milk, incorporate, and knead dough into a ball. Wrap in plastic wrap and refrigerate for 1 hour. Food processor dough: Combine flour and salt in the work bowl and using metal blades process briefly to mix. Add butter and process until the ingredients resemble course meal. Next add egg yoke and milk and process until dough forms a ball around the blades. Remove dough, shape to ball, wrap in plastic wrap and refrigerate for 1 hour. Pre—heat oven to 350 degrees. Using 1 tbs. butter, grease a 9 inch tart pan with a removable bottom and then dust with flour. Using a lightly floured board, roll out the dough into a round shape, making it 1 inch larger than the diameter of the pan. Line the prepared pan with the pastry dough and trim. In a bowl, combine the blanched, chopped spinach, raisins, whole eggs, cream and Parmesan cheese. Mix well and season with salt and pepper to taste. Pour into the pastry-lined tart pan and top with the pine nuts. Bake in oven until it is golden, about 40 minutes. Remove, let cool slightly and then transfer to a serving dish. Serve Torta luke warm or cool. "
Chili Paste,"1 Lemon (and zest) 1 Lime (and zest) 1 orange (and zest) 1/2 green chili, or more to taste (chopped with or without seeds) 5 garlic cloves (finely crushed) 3 tablespoons mild chili powder 1 tablespoon olive oil 1 tablespoon paprika 1 teaspoon ground cumin 1 teaspoon salt 1/2 teaspoon dried oregano 1/4 teaspoon ground cinnamon Chili Paste ",Mix 1/2 teaspoon of each fruit zest and all the juices with other ingredients. Add more spices if desired. Let stand at least 30 minutes before using (should thicken). 
Tiramisu,"4 tablespoons espresso coffee 1 tablespoon Grappa 3 eggs, separated 1/2 cup sugar 8 ounces Marscapone cheese 24 Savoiardi biscuits 1 ounce sweet chocolate, grated ","In a small bowl, combine the coffee and grappa; set aside In a medium bowl, beat the egg whites until stiff; set aside. In a large bowl, beat the egg yolks together with the sugar until thick and lemon-colored. Add the marscapone and blend. Gently fold the egg whites into the cheese mixture. Place half of the biscuits in the bottom of a 10-inch square baking dish or larger serving plate. Sprinkle with half of the coffee mixture. Cover with half of the cheese mixture, and repeat process. Refrigerate tiramisu for 4 hours before serving with grated chocolate. "
Hawaiian Chicken Breasts,"4 Green onions 3 Tablespoons Butter 4 Chicken breast halves Flour seasoned with salt and pepper 1 Can sliced pineapple, (14 Ounces) 1 Avocado Rice; hot, buttered Hawaiian Chicken Breasts ","Chop onions using only 1"" of green tops. Saute in 1 T of butter until glazed. Transfer to crock pot. Coat chicken breasts in seasoned flour. Saute in butter until brown on both sides. Transfer to crock pot. Drain pineapple. Pour juice over chicken. Cover and cook on low 3-4 hours (high 1 1/2 — 2 hours) or until breasts are tender. Saute pineapple slices in butter until golden. Place on heated plater. Top each with a chicken breast. Slice avocado into 8 lengthwise strips. Place 2 strips on each chicken breast. Serve pan drippings over rice. "
Autumn Pork Chops,"6 Thick pork chops 2 Medium acorn squash 3/4 teaspoon Salt 2 tablespoons Margarine, melted 3/4 cup Brown sugar 3/4 teaspoon Kitchen Bouquet 1 tablespoon Orange juice 1/2 teaspoon Orange peel, grated Autumn Pork Chops ","Trim excess fat from pork chops. Cut each squash into 4 or 5 crossways slices; remove seeds. Arrange 3 chops on bottom of crockpot. Place all squash slices on top; then another layer of three remaining chops. Combine salt, butter, sugar, bouquet sauce, orange juice and orange peel. Spoon over chops. Cover and cook on low 6-8 hours or until done. Serve one or two slices of squash with each pork chop. "
Cashew Chicken,"3 Chicken breasts, boned and skinned 1/2 lb. Chinese pea pods 1/2 lb. Mushrooms 4 Green onions 2 cups Bamboo shoots, drained 1 cup Chicken broth 1/4 cup Soy sauce 2 tb Corn starch 1/2 ts Sugar 1/2 ts Salt 4 tb Salad oil 1 pack Cashew nuts (about 4—0z) Cashew Chicken ","Slice breasts horizontally into very thin slices and cut into inch squares. Place on tray. Prepare vegetables, removing ends and strings from pea pods, slicing mushrooms, green part of onions, and the bamboo shoots. Add to tray. Mix soy sauce, cornstarch, sugar, and salt. Heat 1 tbls of oil in skillet over moderate heat, add all the nuts, and cook 1 min shaking the pan, toasting the nuts lightly. Remove and reserve. Pour remaining oil in pan, fry chicken quickly, turning often until it looks opaque. Lower heat to low. Add pea pods, mushrooms, and broth. Cover and cook slowly for 2 mins. Remove cover, add soy sauce mixture, bamboo shoots, and cook until thickened, stirring constantly. Simmer uncovered a bit more and add green onions and nuts and serve immediately. "
Lemon Roast Chicken,Chicken whole 1 dash Salt 1 dash Pepper 1 teaspoon Oregano 2 Cloves minced garlic 2 tablespoons Butter 1/4 cup Water 3 tablespoons Lemon juice Lemon Roast Chicken ,"Wash chicken,pat dry, season with salt and pepper. Sprinkle 1/2 oregano and garlic inside cavity. Melt butter in large frying pan. Brown chicken on all sides. Transfer to crock pot. Sprinkle with oregano and garlic. Add water to fry pan, stir to loosen brown bits. Pour into crock pot. Cover. Cook on LOW 8 hours. Add lemon juice in the last hour of cooking. Transfer chicken to cutting board. Skim fat. Pour juice into sauce bowl. Carve bird. Serve with some juice spooned over chicken. "
Caponata,"2 LARGE EGGPLANTS 1 Teaspoon SALT 3/4 Cup OLIVE OIL 2 CLOVES GARLIC, CRUSHED 2 ONIONS, CHOPPED 1 Pound PLUM TOMATOES, Quartered 3 CELERY STALKS, DICED 1 Pound CAN PITTED BLACK OLIVES 12 Ounce JAR OLIVE SALAD 1/4 Cup CAPERS 1/2 Cup PINE NUTS 1/4 Cup RED WINE VINEGAR 2 Teaspoon SUGAR SALT AND PEPPER TO TASTE Caponata ","Wash and cube unpeeled eggplant. Salt and let stand 1 hour. Squeeze dry. Saute in oil until soft. Remove. Saute onions and garlic in same oil. Add tomatoes, olives, and celery. Cook until tender-—15 minutes. Add eggplant, capers, and pine nuts. In another pan heat vinegar and sugar. When dissolved, pour over eggplant. Season to taste and cook an additional 20 minutes. Serve hot or cold as relish with dinner or with french bread rounds as a buffet or cocktail dish. "
Fettucini Romano Ala Fratelli,"1 Tablespoon Olive oil 3 Cloves garlic, crushed 1/2 Cup White wine 3/4 Cup Half-and-half 1 Cup Romano cheese, grated 1 pound dry spinach fettucini, Cooked Chopped parsley for garnish Fettucini Romano Ala Fratelli ","Add the olive oil to a hot 10"" pan. Add the garlic, and saute over high heat for about 1 minute. Add the wine and simmer for about 2 minutes. Add the half-and-half, and allow the sauce to come back to the simmer. Add the Romano cheese, and stir until smooth, about 2 minutes. To serve: Add the pasta to the pan and toss until coated. Portion onto two plates, and garnish with some chopped parsley. "
Angel Hair With Balsamic Tomatoes,"1 teaspoon minced garlic 1 teaspoon olive oil 5 to 6 Roma tomatoes, chopped, (28—-ounce. can plum tomatoes) 3 tablespoons balsamic vinegar salt & pepper to taste 1/4 Cup chopped fresh basil 1/2 Pound angel hair pasta, (uncooked) Angel Hair With Balsamic Tomatoes 23 ","Saute the garlic in olive oil until lightly browned. Do this in a skillet large enough to hold the tomatoes later. Leave garlic in skillet. Place tomatoes, salt & pepper, basil and balsamic vinegar in a non-reactive bowl and set aside for 10 minutes, stirring occassionally. Boil water for pasta. Just before you put the pasta in the water, drain tomatoes and reserve the juice that runs off. (| usually set my colander on a dinner plate). Put the angel hair pasta in the water to cook for the recommended amount of time. Heat your garlic skillet and toss drained tomatoes briefly JUST to heat. They should retain their shape. The pasta should finish cooking (usually no more than 5 minutes for angel hair) at the same time the tomatoes are ready. Toss the pasta and tomato mixture together and serve with freshly grated parmesan cheese. "
Pasta Alla Caruso,"2 Tbs. Olive Oil 1 Cup Flour, seasoned with a pinch of salt & freshly ground black pepper 1 Lb. Chicken Livers, separated into individual lobes, all visible fat removed 2 Tbs. Unsalted Butter 1 Lb. assorted mushrooms, Shiitake (stems removed), Portobello, Crimini, White button, sliced thinly 1 Cup dry red wine 1 28 Oz. Can, peeled Tomatoes 2 Tbs. Flat-leafed Italian Parsley, finely chopped Salt & freshly ground black pepper 1 Lb. Spaghetti or Perciatelli Pasta Alla Caruso 18 ","Heat a saute pan over high heat, then add the olive oil. Flour the chicken livers, shaking off any excess and add to the pan. Saute until they are slightly browned and firm. Remove livers and set aside. Pour off the olive oil, then add the two tablespoons of butter. When the butter has foamed and the foam begins to subside, add the mushrooms, tossing to coat with the butter. Cook for four or five minutes, until the mushrooms begin to give off some of their juices. Add the wine all at once, scraping the bottom of the pan to loosen any caramelized bits of liver and mushroom from the bottom. Continue, cooking over high heat until the wine has reduced by about half. Lower the heat, puree the tomatoes through a food mill, or in a food processor, then add to the mushrooms and wine. Adjust the heat so the mixture barely simmers. Slice the chicken livers crosswise into half-inch rounds and add them, with any of their accumulated juices, to the tomato sauce. Taste for seasoning, add salt and pepper if necessary, then cook over low heat for about thirty minutes, or until the extraneous juices have evaporated. In the meantime, bring a large pot with about six quarts of water to a boil. Add the pasta and cook until al dente. Drain the pasta, divide into four plates, top with the sauce, garnish with the chopped parsley. "
Barbecued Chuck Roast,"4 pounds Round (7—bone chuck roast), Cut 2"" thick 2 teaspoons Meat tenderizer 3 each Green onions, chopped 1 each Garlic clove 1/4 each Green Pepper (diced) 2 each Stalks Celery, diced 1/2 teaspoon Oregano 1/2 teaspoon Rosemary 1 dash Cayenne 1 tablespoon Worcestershire sauce 3/4 cup Burgundy wine 3 tablespoons Peanut oil Barbecued Chuck Roast 24 ","Slash fat edges. Sprinkle both sides of roast evenly with meat tenderizer. Pierce meat deeply all over with fork. Place in shallow dish and top with green onions, garlic, green pepper, celery, oregano, rosemary and cayenne. Combine worcestershire, burgundy and oil and pour over meat. Refrigerate overnight, turning meat several times, each time spooning the chopped ingredients over top again. Sear both sides over glowing coals. Raise grill and continue cooking, having meat about six inches from heat, until done as desired. Allow from 50 to 60 minues for total cooking time. Brush frequently during cooking with any remaining marinade. "
Marinated Steak Kabobs,"1 cup Onion, chopped 1/2 cup Vegetable oil 1/2 cup Lemon juice 1/4 cup Soy sauce 1 tablespoon Worcesteshire sauce 1 teaspoon Mustard, prepared 1 pound Sirloin steak, cut in 2""cubes 1 large Green pepper, cut in 1""pieces 2 medium Onions, quartered 2 medium Tomatoes, quartered 1 cup Apple Wood Chips ","Saute onion in oil; remove from heat. Stir in lemon juice, soy sauce, Worcestershire sauce, and mustard; pour over meat and vegetables. Cover and marinate overnight in refrigerator. Remove meat and vegetables from marinade, reserving marinade. Alternate meat and vegetables on skewers. Soak Apple Wood Chips in water for 30 minutes. Prepare fire in grill. When the grill is up up temperature, add wood chips; let them start smoking. Grill kabobs 5 minutes on each side over coals or until desired degree of doneness, brushing frequently with marinade. "
